Id_año_mes;Año;mes;ONI_IndOceanico;ONI_Niño;ONI_Niña;Año_ENOS;Temp_SST;Temp_media
1950 - 1;1950;1;-1.62;0;-1.62;Niña;26.18;26.18
1950 - 2;1950;2;-1.32;0;-1.32;Niña;26.39;26.29
1950 - 3;1950;3;-1.07;0;-1.07;Niña;26.95;26.51
1950 - 4;1950;4;-1.11;0;-1.11;Niña;27.39;26.73
1950 - 5;1950;5;-1.37;0;-1.37;Niña;27.56;26.89
1950 - 6;1950;6;-0.74;0;-0.74;Niña;27.21;26.95
1950 - 7;1950;7;-0.44;0;0;Neutral;26.72;26.91
1950 - 8;1950;8;-0.42;0;0;Neutral;26.3;26.84
1950 - 9;1950;9;-0.41;0;0;Neutral;26.14;26.76
1950 - 10;1950;10;-0.32;0;0;Neutral;26.01;26.69
1950 - 11;1950;11;-0.6;0;-0.6;Niña;26.06;26.63
1950 - 12;1950;12;-0.88;0;-0.88;Niña;26.18;26.59
1951 - 1;1951;1;-0.92;0;-0.92;Niña;26.18;26.56
1951 - 2;1951;2;-0.66;0;-0.66;Niña;26.39;26.55
1951 - 3;1951;3;-0.04;0;0;Neutral;26.95;26.57
1951 - 4;1951;4;0.2;0;0;Neutral;27.39;26.63
1951 - 5;1951;5;0.37;0;0;Neutral;27.56;26.68
1951 - 6;1951;6;0.52;0.52;0;Niño;27.21;26.71
1951 - 7;1951;7;0.87;0.87;0;Niño;26.72;26.71
1951 - 8;1951;8;0.71;0.71;0;Niño;26.3;26.69
1951 - 9;1951;9;1.08;1.08;0;Niño;26.14;26.66
1951 - 10;1951;10;1.19;1.19;0;Niño;26.01;26.63
1951 - 11;1951;11;1.19;1.19;0;Niño;26.06;26.61
1951 - 12;1951;12;0.74;0.74;0;Niño;26.18;26.59
1952 - 1;1952;1;0.49;0;0;Neutral;26.18;26.57
1952 - 2;1952;2;0.37;0;0;Neutral;26.39;26.57
1952 - 3;1952;3;0.24;0;0;Neutral;26.95;26.58
1952 - 4;1952;4;0.42;0;0;Neutral;27.39;26.61
1952 - 5;1952;5;0.23;0;0;Neutral;27.56;26.64
1952 - 6;1952;6;-0.03;0;0;Neutral;27.21;26.66
1952 - 7;1952;7;-0.2;0;0;Neutral;26.72;26.66
1952 - 8;1952;8;0;0;0;Neutral;26.3;26.65
1952 - 9;1952;9;0.21;0;0;Neutral;26.14;26.64
1952 - 10;1952;10;0.25;0;0;Neutral;26.01;26.62
1952 - 11;1952;11;-0.14;0;0;Neutral;26.06;26.6
1952 - 12;1952;12;0.03;0;0;Neutral;26.18;26.59
1953 - 1;1953;1;0.56;0.56;0;Niño;26.18;26.58
1953 - 2;1953;2;0.61;0.61;0;Niño;26.39;26.57
1953 - 3;1953;3;0.62;0.62;0;Niño;26.95;26.58
1953 - 4;1953;4;0.64;0.64;0;Niño;27.39;26.6
1953 - 5;1953;5;0.71;0.71;0;Niño;27.56;26.63
1953 - 6;1953;6;0.9;0.9;0;Niño;27.21;26.64
1953 - 7;1953;7;0.7;0.7;0;Niño;26.72;26.64
1953 - 8;1953;8;0.63;0.63;0;Niño;26.3;26.64
1953 - 9;1953;9;0.85;0.85;0;Niño;26.14;26.62
1953 - 10;1953;10;0.86;0.86;0;Niño;26.01;26.61
1953 - 11;1953;11;0.82;0.82;0;Niño;26.06;26.6
1953 - 12;1953;12;0.83;0.83;0;Niño;26.18;26.59
1954 - 1;1954;1;0.8;0.8;0;Niño;26.18;26.58
1954 - 2;1954;2;0.64;0.64;0;Niño;26.39;26.58
1954 - 3;1954;3;-0.04;0;0;Neutral;26.95;26.59
1954 - 4;1954;4;-0.74;0;-0.74;Niña;27.39;26.6
1954 - 5;1954;5;-0.45;0;0;Neutral;27.56;26.62
1954 - 6;1954;6;-0.42;0;0;Neutral;27.21;26.63
1954 - 7;1954;7;-0.62;0;-0.62;Niña;26.72;26.63
1954 - 8;1954;8;-0.88;0;-0.88;Niña;26.3;26.63
1954 - 9;1954;9;-1.03;0;-1.03;Niña;26.14;26.62
1954 - 10;1954;10;-0.78;0;-0.78;Niña;26.01;26.61
1954 - 11;1954;11;-0.5;0;-0.5;Niña;26.06;26.6
1954 - 12;1954;12;-0.91;0;-0.91;Niña;26.18;26.59
1955 - 1;1955;1;-0.56;0;-0.56;Niña;26.18;26.58
1955 - 2;1955;2;-0.57;0;-0.57;Niña;26.39;26.58
1955 - 3;1955;3;-0.72;0;-0.72;Niña;26.95;26.59
1955 - 4;1955;4;-0.78;0;-0.78;Niña;27.39;26.6
1955 - 5;1955;5;-0.91;0;-0.91;Niña;27.56;26.61
1955 - 6;1955;6;-0.67;0;-0.67;Niña;27.21;26.62
1955 - 7;1955;7;-0.58;0;-0.58;Niña;26.72;26.62
1955 - 8;1955;8;-0.8;0;-0.8;Niña;26.3;26.62
1955 - 9;1955;9;-0.87;0;-0.87;Niña;26.14;26.61
1955 - 10;1955;10;-1.6;0;-1.6;Niña;26.01;26.6
1955 - 11;1955;11;-1.81;0;-1.81;Niña;26.06;26.6
1955 - 12;1955;12;-1.61;0;-1.61;Niña;26.18;26.59
1956 - 1;1956;1;-0.99;0;-0.99;Niña;26.33;26.59
1956 - 2;1956;2;-0.74;0;-0.74;Niña;26.51;26.59
1956 - 3;1956;3;-0.54;0;-0.54;Niña;27.01;26.59
1956 - 4;1956;4;-0.6;0;-0.6;Niña;27.46;26.6
1956 - 5;1956;5;-0.46;0;0;Neutral;27.59;26.62
1956 - 6;1956;6;-0.48;0;0;Neutral;27.29;26.62
1956 - 7;1956;7;-0.58;0;-0.58;Niña;26.8;26.63
1956 - 8;1956;8;-0.65;0;-0.65;Niña;26.32;26.62
1956 - 9;1956;9;-0.43;0;0;Neutral;26.15;26.62
1956 - 10;1956;10;-0.29;0;0;Neutral;26.03;26.61
1956 - 11;1956;11;-0.54;0;-0.54;Niña;26.1;26.6
1956 - 12;1956;12;-0.47;0;0;Neutral;26.18;26.6
1957 - 1;1957;1;-0.29;0;0;Neutral;26.33;26.6
1957 - 2;1957;2;0.02;0;0;Neutral;26.51;26.59
1957 - 3;1957;3;0.45;0;0;Neutral;27.01;26.6
1957 - 4;1957;4;0.77;0.77;0;Niño;27.46;26.61
1957 - 5;1957;5;0.94;0.94;0;Niño;27.59;26.62
1957 - 6;1957;6;1.05;1.05;0;Niño;27.29;26.63
1957 - 7;1957;7;1.34;1.34;0;Niño;26.8;26.63
1957 - 8;1957;8;1.36;1.36;0;Niño;26.32;26.63
1957 - 9;1957;9;1.27;1.27;0;Niño;26.15;26.62
1957 - 10;1957;10;1.37;1.37;0;Niño;26.03;26.61
1957 - 11;1957;11;1.52;1.52;0;Niño;26.1;26.61
1957 - 12;1957;12;1.71;1.71;0;Niño;26.18;26.61
1958 - 1;1958;1;1.98;1.98;0;Niño;26.33;26.6
1958 - 2;1958;2;1.72;1.72;0;Niño;26.51;26.6
1958 - 3;1958;3;1.26;1.26;0;Niño;27.01;26.61
1958 - 4;1958;4;0.81;0.81;0;Niño;27.46;26.61
1958 - 5;1958;5;0.71;0.71;0;Niño;27.59;26.62
1958 - 6;1958;6;0.69;0.69;0;Niño;27.29;26.63
1958 - 7;1958;7;0.51;0.51;0;Niño;26.8;26.63
1958 - 8;1958;8;0.52;0.52;0;Niño;26.32;26.63
1958 - 9;1958;9;0.25;0;0;Neutral;26.15;26.62
1958 - 10;1958;10;0.41;0;0;Neutral;26.03;26.62
1958 - 11;1958;11;0.65;0.65;0;Niño;26.1;26.61
1958 - 12;1958;12;0.44;0;0;Neutral;26.18;26.61
1959 - 1;1959;1;0.74;0.74;0;Niño;26.33;26.61
1959 - 2;1959;2;0.67;0.67;0;Niño;26.51;26.61
1959 - 3;1959;3;0.46;0;0;Neutral;27.01;26.61
1959 - 4;1959;4;0.42;0;0;Neutral;27.46;26.62
1959 - 5;1959;5;0.1;0;0;Neutral;27.59;26.63
1959 - 6;1959;6;0.07;0;0;Neutral;27.29;26.63
1959 - 7;1959;7;-0.37;0;0;Neutral;26.8;26.63
1959 - 8;1959;8;-0.24;0;0;Neutral;26.32;26.63
1959 - 9;1959;9;-0.23;0;0;Neutral;26.15;26.63
1959 - 10;1959;10;0.2;0;0;Neutral;26.03;26.62
1959 - 11;1959;11;-0.06;0;0;Neutral;26.1;26.62
1959 - 12;1959;12;0;0;0;Neutral;26.18;26.61
1960 - 1;1960;1;-0.07;0;0;Neutral;26.33;26.61
1960 - 2;1960;2;-0.22;0;0;Neutral;26.51;26.61
1960 - 3;1960;3;-0.02;0;0;Neutral;27.01;26.61
1960 - 4;1960;4;0.03;0;0;Neutral;27.46;26.62
1960 - 5;1960;5;0.08;0;0;Neutral;27.59;26.63
1960 - 6;1960;6;-0.06;0;0;Neutral;27.29;26.63
1960 - 7;1960;7;0.07;0;0;Neutral;26.8;26.63
1960 - 8;1960;8;0.36;0;0;Neutral;26.32;26.63
1960 - 9;1960;9;0.28;0;0;Neutral;26.15;26.63
1960 - 10;1960;10;0.18;0;0;Neutral;26.03;26.62
1960 - 11;1960;11;0.15;0;0;Neutral;26.1;26.62
1960 - 12;1960;12;0.04;0;0;Neutral;26.18;26.62
1961 - 1;1961;1;-0.04;0;0;Neutral;26.27;26.61
1961 - 2;1961;2;0.1;0;0;Neutral;26.45;26.61
1961 - 3;1961;3;0.02;0;0;Neutral;26.92;26.62
1961 - 4;1961;4;0;0;0;Neutral;27.37;26.62
1961 - 5;1961;5;0.26;0;0;Neutral;27.49;26.63
1961 - 6;1961;6;0.44;0;0;Neutral;27.22;26.63
1961 - 7;1961;7;0.11;0;0;Neutral;26.76;26.63
1961 - 8;1961;8;-0.12;0;0;Neutral;26.3;26.63
1961 - 9;1961;9;-0.38;0;0;Neutral;26.16;26.63
1961 - 10;1961;10;-0.38;0;0;Neutral;26.09;26.62
1961 - 11;1961;11;-0.01;0;0;Neutral;26.08;26.62
1961 - 12;1961;12;-0.16;0;0;Neutral;26.14;26.62
1962 - 1;1962;1;-0.3;0;0;Neutral;26.27;26.61
1962 - 2;1962;2;-0.26;0;0;Neutral;26.45;26.61
1962 - 3;1962;3;-0.11;0;0;Neutral;26.92;26.61
1962 - 4;1962;4;-0.24;0;0;Neutral;27.37;26.62
1962 - 5;1962;5;-0.44;0;0;Neutral;27.49;26.63
1962 - 6;1962;6;-0.14;0;0;Neutral;27.22;26.63
1962 - 7;1962;7;0;0;0;Neutral;26.76;26.63
1962 - 8;1962;8;0.02;0;0;Neutral;26.3;26.63
1962 - 9;1962;9;-0.23;0;0;Neutral;26.16;26.62
1962 - 10;1962;10;-0.12;0;0;Neutral;26.09;26.62
1962 - 11;1962;11;-0.32;0;0;Neutral;26.08;26.62
1962 - 12;1962;12;-0.47;0;0;Neutral;26.14;26.61
1963 - 1;1963;1;-0.5;0;-0.5;Niña;26.27;26.61
1963 - 2;1963;2;-0.23;0;0;Neutral;26.45;26.61
1963 - 3;1963;3;0.26;0;0;Neutral;26.92;26.61
1963 - 4;1963;4;0.41;0;0;Neutral;27.37;26.62
1963 - 5;1963;5;0.14;0;0;Neutral;27.49;26.62
1963 - 6;1963;6;0.39;0;0;Neutral;27.22;26.63
1963 - 7;1963;7;1.02;1.02;0;Niño;26.76;26.63
1963 - 8;1963;8;1.17;1.17;0;Niño;26.3;26.63
1963 - 9;1963;9;1.23;1.23;0;Niño;26.16;26.62
1963 - 10;1963;10;1.26;1.26;0;Niño;26.09;26.62
1963 - 11;1963;11;1.39;1.39;0;Niño;26.08;26.62
1963 - 12;1963;12;1.47;1.47;0;Niño;26.14;26.61
1964 - 1;1964;1;1.06;1.06;0;Niño;26.27;26.61
1964 - 2;1964;2;0.68;0.68;0;Niño;26.45;26.61
1964 - 3;1964;3;0.1;0;0;Neutral;26.92;26.61
1964 - 4;1964;4;-0.42;0;0;Neutral;27.37;26.62
1964 - 5;1964;5;-0.67;0;-0.67;Niña;27.49;26.62
1964 - 6;1964;6;-0.64;0;-0.64;Niña;27.22;26.63
1964 - 7;1964;7;-0.43;0;0;Neutral;26.76;26.63
1964 - 8;1964;8;-0.72;0;-0.72;Niña;26.3;26.62
1964 - 9;1964;9;-0.84;0;-0.84;Niña;26.16;26.62
1964 - 10;1964;10;-0.73;0;-0.73;Niña;26.09;26.62
1964 - 11;1964;11;-0.82;0;-0.82;Niña;26.08;26.62
1964 - 12;1964;12;-0.92;0;-0.92;Niña;26.14;26.61
1965 - 1;1965;1;-0.61;0;-0.61;Niña;26.27;26.61
1965 - 2;1965;2;-0.25;0;0;Neutral;26.45;26.61
1965 - 3;1965;3;0.03;0;0;Neutral;26.92;26.61
1965 - 4;1965;4;0.01;0;0;Neutral;27.37;26.62
1965 - 5;1965;5;0.5;0.5;0;Niño;27.49;26.62
1965 - 6;1965;6;0.86;0.86;0;Niño;27.22;26.62
1965 - 7;1965;7;1.14;1.14;0;Niño;26.76;26.62
1965 - 8;1965;8;1.66;1.66;0;Niño;26.3;26.62
1965 - 9;1965;9;1.84;1.84;0;Niño;26.16;26.62
1965 - 10;1965;10;2.06;2.06;0;Niño;26.09;26.62
1965 - 11;1965;11;2.03;2.03;0;Niño;26.08;26.62
1965 - 12;1965;12;1.81;1.81;0;Niño;26.14;26.61
1966 - 1;1966;1;1.31;1.31;0;Niño;26.36;26.61
1966 - 2;1966;2;1;1;0;Niño;26.56;26.61
1966 - 3;1966;3;1.19;1.19;0;Niño;27.02;26.61
1966 - 4;1966;4;0.76;0.76;0;Niño;27.4;26.62
1966 - 5;1966;5;0.02;0;0;Neutral;27.53;26.62
1966 - 6;1966;6;0.29;0;0;Neutral;27.35;26.63
1966 - 7;1966;7;0.42;0;0;Neutral;26.9;26.63
1966 - 8;1966;8;0.02;0;0;Neutral;26.46;26.63
1966 - 9;1966;9;-0.07;0;0;Neutral;26.34;26.62
1966 - 10;1966;10;-0.11;0;0;Neutral;26.33;26.62
1966 - 11;1966;11;-0.12;0;0;Neutral;26.35;26.62
1966 - 12;1966;12;-0.31;0;0;Neutral;26.33;26.62
1967 - 1;1967;1;-0.48;0;0;Neutral;26.36;26.62
1967 - 2;1967;2;-0.44;0;0;Neutral;26.56;26.62
1967 - 3;1967;3;-0.51;0;-0.51;Niña;27.02;26.62
1967 - 4;1967;4;-0.66;0;-0.66;Niña;27.4;26.62
1967 - 5;1967;5;-0.18;0;0;Neutral;27.53;26.63
1967 - 6;1967;6;0.12;0;0;Neutral;27.35;26.63
1967 - 7;1967;7;0.06;0;0;Neutral;26.9;26.63
1967 - 8;1967;8;-0.03;0;0;Neutral;26.46;26.63
1967 - 9;1967;9;-0.49;0;0;Neutral;26.34;26.63
1967 - 10;1967;10;-0.36;0;0;Neutral;26.33;26.63
1967 - 11;1967;11;-0.28;0;0;Neutral;26.35;26.63
1967 - 12;1967;12;-0.38;0;0;Neutral;26.33;26.63
1968 - 1;1968;1;-0.66;0;-0.66;Niña;26.36;26.63
1968 - 2;1968;2;-0.86;0;-0.86;Niña;26.56;26.63
1968 - 3;1968;3;-0.68;0;-0.68;Niña;27.02;26.63
1968 - 4;1968;4;-0.3;0;0;Neutral;27.4;26.63
1968 - 5;1968;5;-0.34;0;0;Neutral;27.53;26.64
1968 - 6;1968;6;0.52;0.52;0;Niño;27.35;26.64
1968 - 7;1968;7;0.66;0.66;0;Niño;26.9;26.64
1968 - 8;1968;8;0.54;0.54;0;Niño;26.46;26.64
1968 - 9;1968;9;0.38;0;0;Neutral;26.34;26.64
1968 - 10;1968;10;0.42;0;0;Neutral;26.33;26.64
1968 - 11;1968;11;0.85;0.85;0;Niño;26.35;26.63
1968 - 12;1968;12;0.94;0.94;0;Niño;26.33;26.63
1969 - 1;1969;1;1.14;1.14;0;Niño;26.36;26.63
1969 - 2;1969;2;1.31;1.31;0;Niño;26.56;26.63
1969 - 3;1969;3;0.81;0.81;0;Niño;27.02;26.63
1969 - 4;1969;4;0.73;0.73;0;Niño;27.4;26.64
1969 - 5;1969;5;0.76;0.76;0;Niño;27.53;26.64
1969 - 6;1969;6;0.35;0;0;Neutral;27.35;26.64
1969 - 7;1969;7;0.18;0;0;Neutral;26.9;26.64
1969 - 8;1969;8;0.56;0.56;0;Niño;26.46;26.64
1969 - 9;1969;9;0.81;0.81;0;Niño;26.34;26.64
1969 - 10;1969;10;1.01;1.01;0;Niño;26.33;26.64
1969 - 11;1969;11;0.76;0.76;0;Niño;26.35;26.64
1969 - 12;1969;12;0.66;0.66;0;Niño;26.33;26.64
1970 - 1;1970;1;0.48;0;0;Neutral;26.36;26.64
1970 - 2;1970;2;0.41;0;0;Neutral;26.56;26.64
1970 - 3;1970;3;0.13;0;0;Neutral;27.02;26.64
1970 - 4;1970;4;0.34;0;0;Neutral;27.4;26.64
1970 - 5;1970;5;0.1;0;0;Neutral;27.53;26.65
1970 - 6;1970;6;-0.31;0;0;Neutral;27.35;26.65
1970 - 7;1970;7;-0.7;0;-0.7;Niña;26.9;26.65
1970 - 8;1970;8;-0.87;0;-0.87;Niña;26.46;26.65
1970 - 9;1970;9;-0.7;0;-0.7;Niña;26.34;26.65
1970 - 10;1970;10;-0.73;0;-0.73;Niña;26.33;26.65
1970 - 11;1970;11;-0.78;0;-0.78;Niña;26.35;26.65
1970 - 12;1970;12;-1.06;0;-1.06;Niña;26.33;26.64
1971 - 1;1971;1;-1.6;0;-1.6;Niña;26.42;26.64
1971 - 2;1971;2;-1.42;0;-1.42;Niña;26.61;26.64
1971 - 3;1971;3;-1.13;0;-1.13;Niña;27.06;26.64
1971 - 4;1971;4;-0.8;0;-0.8;Niña;27.44;26.65
1971 - 5;1971;5;-0.61;0;-0.61;Niña;27.56;26.65
1971 - 6;1971;6;-0.78;0;-0.78;Niña;27.38;26.65
1971 - 7;1971;7;-0.82;0;-0.82;Niña;26.94;26.66
1971 - 8;1971;8;-0.79;0;-0.79;Niña;26.54;26.65
1971 - 9;1971;9;-0.71;0;-0.71;Niña;26.42;26.65
1971 - 10;1971;10;-0.96;0;-0.96;Niña;26.43;26.65
1971 - 11;1971;11;-0.88;0;-0.88;Niña;26.43;26.65
1971 - 12;1971;12;-1.03;0;-1.03;Niña;26.4;26.65
1972 - 1;1972;1;-0.78;0;-0.78;Niña;26.42;26.65
1972 - 2;1972;2;-0.3;0;0;Neutral;26.61;26.65
1972 - 3;1972;3;0.03;0;0;Neutral;27.06;26.65
1972 - 4;1972;4;0.45;0;0;Neutral;27.44;26.65
1972 - 5;1972;5;0.75;0.75;0;Niño;27.56;26.66
1972 - 6;1972;6;0.8;0.8;0;Niño;27.38;26.66
1972 - 7;1972;7;1.2;1.2;0;Niño;26.94;26.66
1972 - 8;1972;8;1.4;1.4;0;Niño;26.54;26.66
1972 - 9;1972;9;1.52;1.52;0;Niño;26.42;26.66
1972 - 10;1972;10;1.83;1.83;0;Niño;26.43;26.66
1972 - 11;1972;11;2.17;2.17;0;Niño;26.43;26.66
1972 - 12;1972;12;2.28;2.28;0;Niño;26.4;26.66
1973 - 1;1973;1;1.92;1.92;0;Niño;26.42;26.66
1973 - 2;1973;2;1.34;1.34;0;Niño;26.61;26.66
1973 - 3;1973;3;0.49;0;0;Neutral;27.06;26.66
1973 - 4;1973;4;-0.19;0;0;Neutral;27.44;26.66
1973 - 5;1973;5;-0.59;0;-0.59;Niña;27.56;26.66
1973 - 6;1973;6;-0.83;0;-0.83;Niña;27.38;26.67
1973 - 7;1973;7;-1.18;0;-1.18;Niña;26.94;26.67
1973 - 8;1973;8;-1.31;0;-1.31;Niña;26.54;26.67
1973 - 9;1973;9;-1.36;0;-1.36;Niña;26.42;26.67
1973 - 10;1973;10;-1.69;0;-1.69;Niña;26.43;26.67
1973 - 11;1973;11;-2.09;0;-2.09;Niña;26.43;26.66
1973 - 12;1973;12;-2.06;0;-2.06;Niña;26.4;26.66
1974 - 1;1974;1;-1.95;0;-1.95;Niña;26.42;26.66
1974 - 2;1974;2;-1.5;0;-1.5;Niña;26.61;26.66
1974 - 3;1974;3;-1.21;0;-1.21;Niña;27.06;26.66
1974 - 4;1974;4;-0.97;0;-0.97;Niña;27.44;26.67
1974 - 5;1974;5;-0.91;0;-0.91;Niña;27.56;26.67
1974 - 6;1974;6;-0.85;0;-0.85;Niña;27.38;26.67
1974 - 7;1974;7;-0.55;0;-0.55;Niña;26.94;26.67
1974 - 8;1974;8;-0.21;0;0;Neutral;26.54;26.67
1974 - 9;1974;9;-0.35;0;0;Neutral;26.42;26.67
1974 - 10;1974;10;-0.66;0;-0.66;Niña;26.43;26.67
1974 - 11;1974;11;-0.82;0;-0.82;Niña;26.43;26.67
1974 - 12;1974;12;-0.78;0;-0.78;Niña;26.4;26.67
1975 - 1;1975;1;-0.32;0;0;Neutral;26.42;26.67
1975 - 2;1975;2;-0.53;0;-0.53;Niña;26.61;26.67
1975 - 3;1975;3;-0.86;0;-0.86;Niña;27.06;26.67
1975 - 4;1975;4;-0.58;0;-0.58;Niña;27.44;26.67
1975 - 5;1975;5;-0.76;0;-0.76;Niña;27.56;26.68
1975 - 6;1975;6;-1.15;0;-1.15;Niña;27.38;26.68
1975 - 7;1975;7;-1.04;0;-1.04;Niña;26.94;26.68
1975 - 8;1975;8;-1.2;0;-1.2;Niña;26.54;26.68
1975 - 9;1975;9;-1.37;0;-1.37;Niña;26.42;26.68
1975 - 10;1975;10;-1.54;0;-1.54;Niña;26.43;26.68
1975 - 11;1975;11;-1.38;0;-1.38;Niña;26.43;26.68
1975 - 12;1975;12;-1.73;0;-1.73;Niña;26.4;26.67
1976 - 1;1976;1;-1.84;0;-1.84;Niña;26.39;26.67
1976 - 2;1976;2;-1.09;0;-1.09;Niña;26.59;26.67
1976 - 3;1976;3;-0.58;0;-0.58;Niña;27.04;26.67
1976 - 4;1976;4;-0.53;0;-0.53;Niña;27.42;26.68
1976 - 5;1976;5;-0.31;0;0;Neutral;27.51;26.68
1976 - 6;1976;6;0;0;0;Neutral;27.35;26.68
1976 - 7;1976;7;0.17;0;0;Neutral;26.95;26.68
1976 - 8;1976;8;0.38;0;0;Neutral;26.59;26.68
1976 - 9;1976;9;0.5;0.5;0;Niño;26.51;26.68
1976 - 10;1976;10;0.98;0.98;0;Niño;26.48;26.68
1976 - 11;1976;11;0.95;0.95;0;Niño;26.46;26.68
1976 - 12;1976;12;0.66;0.66;0;Niño;26.43;26.68
1977 - 1;1977;1;0.93;0.93;0;Niño;26.39;26.68
1977 - 2;1977;2;0.55;0.55;0;Niño;26.59;26.68
1977 - 3;1977;3;0.44;0;0;Neutral;27.04;26.68
1977 - 4;1977;4;0.03;0;0;Neutral;27.42;26.68
1977 - 5;1977;5;0.22;0;0;Neutral;27.51;26.68
1977 - 6;1977;6;0.39;0;0;Neutral;27.35;26.69
1977 - 7;1977;7;0.42;0;0;Neutral;26.95;26.69
1977 - 8;1977;8;0.25;0;0;Neutral;26.59;26.69
1977 - 9;1977;9;0.6;0.6;0;Niño;26.51;26.69
1977 - 10;1977;10;0.86;0.86;0;Niño;26.48;26.69
1977 - 11;1977;11;0.72;0.72;0;Niño;26.46;26.68
1977 - 12;1977;12;0.86;0.86;0;Niño;26.43;26.68
1978 - 1;1978;1;0.78;0.78;0;Niño;26.39;26.68
1978 - 2;1978;2;0.42;0;0;Neutral;26.59;26.68
1978 - 3;1978;3;0.06;0;0;Neutral;27.04;26.68
1978 - 4;1978;4;-0.3;0;0;Neutral;27.42;26.69
1978 - 5;1978;5;-0.31;0;0;Neutral;27.51;26.69
1978 - 6;1978;6;-0.33;0;0;Neutral;27.35;26.69
1978 - 7;1978;7;-0.22;0;0;Neutral;26.95;26.69
1978 - 8;1978;8;-0.53;0;-0.53;Niña;26.59;26.69
1978 - 9;1978;9;-0.5;0;-0.5;Niña;26.51;26.69
1978 - 10;1978;10;-0.23;0;0;Neutral;26.48;26.69
1978 - 11;1978;11;-0.14;0;0;Neutral;26.46;26.69
1978 - 12;1978;12;0.11;0;0;Neutral;26.43;26.69
1979 - 1;1979;1;0.03;0;0;Neutral;26.39;26.69
1979 - 2;1979;2;-0.04;0;0;Neutral;26.59;26.69
1979 - 3;1979;3;0.23;0;0;Neutral;27.04;26.69
1979 - 4;1979;4;0.42;0;0;Neutral;27.42;26.69
1979 - 5;1979;5;0.19;0;0;Neutral;27.51;26.69
1979 - 6;1979;6;0.08;0;0;Neutral;27.35;26.69
1979 - 7;1979;7;-0.13;0;0;Neutral;26.95;26.7
1979 - 8;1979;8;0.16;0;0;Neutral;26.59;26.7
1979 - 9;1979;9;0.48;0;0;Neutral;26.51;26.69
1979 - 10;1979;10;0.35;0;0;Neutral;26.48;26.69
1979 - 11;1979;11;0.53;0.53;0;Niño;26.46;26.69
1979 - 12;1979;12;0.69;0.69;0;Niño;26.43;26.69
1980 - 1;1980;1;0.7;0.7;0;Niño;26.39;26.69
1980 - 2;1980;2;0.39;0;0;Neutral;26.59;26.69
1980 - 3;1980;3;0.28;0;0;Neutral;27.04;26.69
1980 - 4;1980;4;0.34;0;0;Neutral;27.42;26.69
1980 - 5;1980;5;0.51;0.51;0;Niño;27.51;26.7
1980 - 6;1980;6;0.59;0.59;0;Niño;27.35;26.7
1980 - 7;1980;7;0.28;0;0;Neutral;26.95;26.7
1980 - 8;1980;8;-0.11;0;0;Neutral;26.59;26.7
1980 - 9;1980;9;-0.07;0;0;Neutral;26.51;26.7
1980 - 10;1980;10;-0.02;0;0;Neutral;26.48;26.7
1980 - 11;1980;11;0.14;0;0;Neutral;26.46;26.7
1980 - 12;1980;12;0.22;0;0;Neutral;26.43;26.7
1981 - 1;1981;1;-0.38;0;0;Neutral;26.57;26.7
1981 - 2;1981;2;-0.62;0;-0.62;Niña;26.75;26.7
1981 - 3;1981;3;-0.51;0;-0.51;Niña;27.17;26.7
1981 - 4;1981;4;-0.29;0;0;Neutral;27.59;26.7
1981 - 5;1981;5;-0.3;0;0;Neutral;27.66;26.7
1981 - 6;1981;6;-0.19;0;0;Neutral;27.46;26.7
1981 - 7;1981;7;-0.37;0;0;Neutral;27.02;26.71
1981 - 8;1981;8;-0.32;0;0;Neutral;26.64;26.71
1981 - 9;1981;9;-0.04;0;0;Neutral;26.56;26.7
1981 - 10;1981;10;-0.11;0;0;Neutral;26.53;26.7
1981 - 11;1981;11;-0.23;0;0;Neutral;26.52;26.7
1981 - 12;1981;12;-0.11;0;0;Neutral;26.51;26.7
1982 - 1;1982;1;0.11;0;0;Neutral;26.57;26.7
1982 - 2;1982;2;-0.15;0;0;Neutral;26.75;26.7
1982 - 3;1982;3;0.25;0;0;Neutral;27.17;26.7
1982 - 4;1982;4;0.45;0;0;Neutral;27.59;26.71
1982 - 5;1982;5;0.72;0.72;0;Niño;27.66;26.71
1982 - 6;1982;6;0.8;0.8;0;Niño;27.46;26.71
1982 - 7;1982;7;0.64;0.64;0;Niño;27.02;26.71
1982 - 8;1982;8;0.93;0.93;0;Niño;26.64;26.71
1982 - 9;1982;9;1.64;1.64;0;Niño;26.56;26.71
1982 - 10;1982;10;2.16;2.16;0;Niño;26.53;26.71
1982 - 11;1982;11;2.09;2.09;0;Niño;26.52;26.71
1982 - 12;1982;12;2.28;2.28;0;Niño;26.51;26.71
1983 - 1;1983;1;2.32;2.32;0;Niño;26.57;26.71
1983 - 2;1983;2;1.94;1.94;0;Niño;26.75;26.71
1983 - 3;1983;3;1.49;1.49;0;Niño;27.17;26.71
1983 - 4;1983;4;1.19;1.19;0;Niño;27.59;26.71
1983 - 5;1983;5;1.18;1.18;0;Niño;27.66;26.72
1983 - 6;1983;6;0.82;0.82;0;Niño;27.46;26.72
1983 - 7;1983;7;0.17;0;0;Neutral;27.02;26.72
1983 - 8;1983;8;-0.04;0;0;Neutral;26.64;26.72
1983 - 9;1983;9;-0.36;0;0;Neutral;26.56;26.72
1983 - 10;1983;10;-0.96;0;-0.96;Niña;26.53;26.72
1983 - 11;1983;11;-1.1;0;-1.1;Niña;26.52;26.72
1983 - 12;1983;12;-0.94;0;-0.94;Niña;26.51;26.72
1984 - 1;1984;1;-0.69;0;-0.69;Niña;26.57;26.72
1984 - 2;1984;2;-0.18;0;0;Neutral;26.75;26.72
1984 - 3;1984;3;-0.39;0;0;Neutral;27.17;26.72
1984 - 4;1984;4;-0.44;0;0;Neutral;27.59;26.72
1984 - 5;1984;5;-0.46;0;0;Neutral;27.66;26.72
1984 - 6;1984;6;-0.63;0;-0.63;Niña;27.46;26.72
1984 - 7;1984;7;-0.24;0;0;Neutral;27.02;26.72
1984 - 8;1984;8;-0.04;0;0;Neutral;26.64;26.72
1984 - 9;1984;9;-0.19;0;0;Neutral;26.56;26.72
1984 - 10;1984;10;-0.49;0;0;Neutral;26.53;26.72
1984 - 11;1984;11;-1;0;-1;Niña;26.52;26.72
1984 - 12;1984;12;-1.25;0;-1.25;Niña;26.51;26.72
1985 - 1;1985;1;-1.17;0;-1.17;Niña;26.57;26.72
1985 - 2;1985;2;-0.71;0;-0.71;Niña;26.75;26.72
1985 - 3;1985;3;-0.67;0;-0.67;Niña;27.17;26.72
1985 - 4;1985;4;-0.93;0;-0.93;Niña;27.59;26.72
1985 - 5;1985;5;-0.75;0;-0.75;Niña;27.66;26.73
1985 - 6;1985;6;-0.65;0;-0.65;Niña;27.46;26.73
1985 - 7;1985;7;-0.47;0;0;Neutral;27.02;26.73
1985 - 8;1985;8;-0.35;0;0;Neutral;26.64;26.73
1985 - 9;1985;9;-0.55;0;-0.55;Niña;26.56;26.73
1985 - 10;1985;10;-0.3;0;0;Neutral;26.53;26.73
1985 - 11;1985;11;-0.2;0;0;Neutral;26.52;26.73
1985 - 12;1985;12;-0.32;0;0;Neutral;26.51;26.73
1986 - 1;1986;1;-0.56;0;-0.56;Niña;26.46;26.73
1986 - 2;1986;2;-0.6;0;-0.6;Niña;26.66;26.73
1986 - 3;1986;3;-0.26;0;0;Neutral;27.14;26.73
1986 - 4;1986;4;-0.08;0;0;Neutral;27.58;26.73
1986 - 5;1986;5;-0.27;0;0;Neutral;27.68;26.73
1986 - 6;1986;6;-0.01;0;0;Neutral;27.43;26.73
1986 - 7;1986;7;0.17;0;0;Neutral;27.01;26.73
1986 - 8;1986;8;0.51;0.51;0;Niño;26.66;26.73
1986 - 9;1986;9;0.65;0.65;0;Niño;26.59;26.73
1986 - 10;1986;10;0.98;0.98;0;Niño;26.54;26.73
1986 - 11;1986;11;1.2;1.2;0;Niño;26.5;26.73
1986 - 12;1986;12;1.24;1.24;0;Niño;26.47;26.73
1987 - 1;1987;1;1.22;1.22;0;Niño;26.46;26.73
1987 - 2;1987;2;1.23;1.23;0;Niño;26.66;26.73
1987 - 3;1987;3;1.13;1.13;0;Niño;27.14;26.73
1987 - 4;1987;4;0.82;0.82;0;Niño;27.58;26.73
1987 - 5;1987;5;0.88;0.88;0;Niño;27.68;26.74
1987 - 6;1987;6;1.21;1.21;0;Niño;27.43;26.74
1987 - 7;1987;7;1.57;1.57;0;Niño;27.01;26.74
1987 - 8;1987;8;1.76;1.76;0;Niño;26.66;26.74
1987 - 9;1987;9;1.77;1.77;0;Niño;26.59;26.74
1987 - 10;1987;10;1.42;1.42;0;Niño;26.54;26.74
1987 - 11;1987;11;1.27;1.27;0;Niño;26.5;26.74
1987 - 12;1987;12;1.07;1.07;0;Niño;26.47;26.74
1988 - 1;1988;1;0.99;0.99;0;Niño;26.46;26.73
1988 - 2;1988;2;0.37;0;0;Neutral;26.66;26.73
1988 - 3;1988;3;0.25;0;0;Neutral;27.14;26.74
1988 - 4;1988;4;-0.19;0;0;Neutral;27.58;26.74
1988 - 5;1988;5;-1;0;-1;Niña;27.68;26.74
1988 - 6;1988;6;-1.44;0;-1.44;Niña;27.43;26.74
1988 - 7;1988;7;-1.45;0;-1.45;Niña;27.01;26.74
1988 - 8;1988;8;-0.99;0;-0.99;Niña;26.66;26.74
1988 - 9;1988;9;-0.87;0;-0.87;Niña;26.59;26.74
1988 - 10;1988;10;-1.71;0;-1.71;Niña;26.54;26.74
1988 - 11;1988;11;-1.85;0;-1.85;Niña;26.5;26.74
1988 - 12;1988;12;-1.83;0;-1.83;Niña;26.47;26.74
1989 - 1;1989;1;-1.87;0;-1.87;Niña;26.46;26.74
1989 - 2;1989;2;-1.37;0;-1.37;Niña;26.66;26.74
1989 - 3;1989;3;-1.05;0;-1.05;Niña;27.14;26.74
1989 - 4;1989;4;-0.82;0;-0.82;Niña;27.58;26.74
1989 - 5;1989;5;-0.61;0;-0.61;Niña;27.68;26.74
1989 - 6;1989;6;-0.29;0;0;Neutral;27.43;26.74
1989 - 7;1989;7;-0.3;0;0;Neutral;27.01;26.75
1989 - 8;1989;8;-0.33;0;0;Neutral;26.66;26.75
1989 - 9;1989;9;-0.18;0;0;Neutral;26.59;26.74
1989 - 10;1989;10;-0.22;0;0;Neutral;26.54;26.74
1989 - 11;1989;11;-0.25;0;0;Neutral;26.5;26.74
1989 - 12;1989;12;-0.01;0;0;Neutral;26.47;26.74
1990 - 1;1990;1;0.11;0;0;Neutral;26.46;26.74
1990 - 2;1990;2;0.31;0;0;Neutral;26.66;26.74
1990 - 3;1990;3;0.2;0;0;Neutral;27.14;26.74
1990 - 4;1990;4;0.33;0;0;Neutral;27.58;26.75
1990 - 5;1990;5;0.34;0;0;Neutral;27.68;26.75
1990 - 6;1990;6;0.21;0;0;Neutral;27.43;26.75
1990 - 7;1990;7;0.37;0;0;Neutral;27.01;26.75
1990 - 8;1990;8;0.42;0;0;Neutral;26.66;26.75
1990 - 9;1990;9;0.35;0;0;Neutral;26.59;26.75
1990 - 10;1990;10;0.4;0;0;Neutral;26.54;26.75
1990 - 11;1990;11;0.31;0;0;Neutral;26.5;26.75
1990 - 12;1990;12;0.48;0;0;Neutral;26.47;26.75
1991 - 1;1991;1;0.45;0;0;Neutral;26.59;26.75
1991 - 2;1991;2;0.29;0;0;Neutral;26.79;26.75
1991 - 3;1991;3;0.05;0;0;Neutral;27.28;26.75
1991 - 4;1991;4;0.32;0;0;Neutral;27.7;26.75
1991 - 5;1991;5;0.4;0;0;Neutral;27.8;26.75
1991 - 6;1991;6;0.65;0.65;0;Niño;27.6;26.75
1991 - 7;1991;7;0.86;0.86;0;Niño;27.19;26.75
1991 - 8;1991;8;0.69;0.69;0;Niño;26.84;26.75
1991 - 9;1991;9;0.36;0;0;Neutral;26.78;26.75
1991 - 10;1991;10;0.82;0.82;0;Niño;26.76;26.75
1991 - 11;1991;11;1.19;1.19;0;Niño;26.7;26.75
1991 - 12;1991;12;1.62;1.62;0;Niño;26.66;26.75
1992 - 1;1992;1;1.78;1.78;0;Niño;26.59;26.75
1992 - 2;1992;2;1.74;1.74;0;Niño;26.79;26.75
1992 - 3;1992;3;1.38;1.38;0;Niño;27.28;26.76
1992 - 4;1992;4;1.32;1.32;0;Niño;27.7;26.76
1992 - 5;1992;5;1.16;1.16;0;Niño;27.8;26.76
1992 - 6;1992;6;0.7;0.7;0;Niño;27.6;26.76
1992 - 7;1992;7;0.33;0;0;Neutral;27.19;26.76
1992 - 8;1992;8;0.07;0;0;Neutral;26.84;26.76
1992 - 9;1992;9;-0.13;0;0;Neutral;26.78;26.76
1992 - 10;1992;10;-0.34;0;0;Neutral;26.76;26.76
1992 - 11;1992;11;-0.28;0;0;Neutral;26.7;26.76
1992 - 12;1992;12;-0.21;0;0;Neutral;26.66;26.76
1993 - 1;1993;1;0.1;0;0;Neutral;26.59;26.76
1993 - 2;1993;2;0.38;0;0;Neutral;26.79;26.76
1993 - 3;1993;3;0.4;0;0;Neutral;27.28;26.76
1993 - 4;1993;4;0.71;0.71;0;Niño;27.7;26.76
1993 - 5;1993;5;0.91;0.91;0;Niño;27.8;26.77
1993 - 6;1993;6;0.48;0;0;Neutral;27.6;26.77
1993 - 7;1993;7;0.33;0;0;Neutral;27.19;26.77
1993 - 8;1993;8;0.15;0;0;Neutral;26.84;26.77
1993 - 9;1993;9;0.29;0;0;Neutral;26.78;26.77
1993 - 10;1993;10;0.02;0;0;Neutral;26.76;26.77
1993 - 11;1993;11;0.01;0;0;Neutral;26.7;26.77
1993 - 12;1993;12;0.1;0;0;Neutral;26.66;26.77
1994 - 1;1994;1;0.06;0;0;Neutral;26.59;26.77
1994 - 2;1994;2;0.03;0;0;Neutral;26.79;26.77
1994 - 3;1994;3;0.11;0;0;Neutral;27.28;26.77
1994 - 4;1994;4;0.38;0;0;Neutral;27.7;26.77
1994 - 5;1994;5;0.43;0;0;Neutral;27.8;26.77
1994 - 6;1994;6;0.44;0;0;Neutral;27.6;26.77
1994 - 7;1994;7;0.35;0;0;Neutral;27.19;26.77
1994 - 8;1994;8;0.54;0.54;0;Niño;26.84;26.78
1994 - 9;1994;9;0.41;0;0;Neutral;26.78;26.78
1994 - 10;1994;10;0.71;0.71;0;Niño;26.76;26.77
1994 - 11;1994;11;1.11;1.11;0;Niño;26.7;26.77
1994 - 12;1994;12;1.19;1.19;0;Niño;26.66;26.77
1995 - 1;1995;1;0.98;0.98;0;Niño;26.59;26.77
1995 - 2;1995;2;0.71;0.71;0;Niño;26.79;26.77
1995 - 3;1995;3;0.48;0;0;Neutral;27.28;26.78
1995 - 4;1995;4;0.41;0;0;Neutral;27.7;26.78
1995 - 5;1995;5;0.02;0;0;Neutral;27.8;26.78
1995 - 6;1995;6;-0.01;0;0;Neutral;27.6;26.78
1995 - 7;1995;7;-0.11;0;0;Neutral;27.19;26.78
1995 - 8;1995;8;-0.61;0;-0.61;Niña;26.84;26.78
1995 - 9;1995;9;-0.9;0;-0.9;Niña;26.78;26.78
1995 - 10;1995;10;-0.92;0;-0.92;Niña;26.76;26.78
1995 - 11;1995;11;-1.1;0;-1.1;Niña;26.7;26.78
1995 - 12;1995;12;-1;0;-1;Niña;26.66;26.78
1996 - 1;1996;1;-0.86;0;-0.86;Niña;26.56;26.78
1996 - 2;1996;2;-0.85;0;-0.85;Niña;26.75;26.78
1996 - 3;1996;3;-0.56;0;-0.56;Niña;27.24;26.78
1996 - 4;1996;4;-0.36;0;0;Neutral;27.72;26.78
1996 - 5;1996;5;-0.26;0;0;Neutral;27.81;26.78
1996 - 6;1996;6;-0.3;0;0;Neutral;27.59;26.79
1996 - 7;1996;7;-0.32;0;0;Neutral;27.18;26.79
1996 - 8;1996;8;-0.2;0;0;Neutral;26.83;26.79
1996 - 9;1996;9;-0.45;0;0;Neutral;26.73;26.79
1996 - 10;1996;10;-0.4;0;0;Neutral;26.67;26.79
1996 - 11;1996;11;-0.34;0;0;Neutral;26.63;26.79
1996 - 12;1996;12;-0.61;0;-0.61;Niña;26.56;26.79
1997 - 1;1997;1;-0.54;0;-0.54;Niña;26.56;26.79
1997 - 2;1997;2;-0.36;0;0;Neutral;26.75;26.79
1997 - 3;1997;3;-0.2;0;0;Neutral;27.24;26.79
1997 - 4;1997;4;0.27;0;0;Neutral;27.72;26.79
1997 - 5;1997;5;0.76;0.76;0;Niño;27.81;26.79
1997 - 6;1997;6;1.22;1.22;0;Niño;27.59;26.79
1997 - 7;1997;7;1.67;1.67;0;Niño;27.18;26.79
1997 - 8;1997;8;1.91;1.91;0;Niño;26.83;26.79
1997 - 9;1997;9;2.12;2.12;0;Niño;26.73;26.79
1997 - 10;1997;10;2.4;2.4;0;Niño;26.67;26.79
1997 - 11;1997;11;2.48;2.48;0;Niño;26.63;26.79
1997 - 12;1997;12;2.32;2.32;0;Niño;26.56;26.79
1998 - 1;1998;1;2.37;2.37;0;Niño;26.56;26.79
1998 - 2;1998;2;2.03;2.03;0;Niño;26.75;26.79
1998 - 3;1998;3;1.38;1.38;0;Niño;27.24;26.79
1998 - 4;1998;4;0.9;0.9;0;Niño;27.72;26.79
1998 - 5;1998;5;0.7;0.7;0;Niño;27.81;26.79
1998 - 6;1998;6;-0.24;0;0;Neutral;27.59;26.8
1998 - 7;1998;7;-0.86;0;-0.86;Niña;27.18;26.8
1998 - 8;1998;8;-1.25;0;-1.25;Niña;26.83;26.8
1998 - 9;1998;9;-1.26;0;-1.26;Niña;26.73;26.8
1998 - 10;1998;10;-1.41;0;-1.41;Niña;26.67;26.8
1998 - 11;1998;11;-1.38;0;-1.38;Niña;26.63;26.8
1998 - 12;1998;12;-1.64;0;-1.64;Niña;26.56;26.8
1999 - 1;1999;1;-1.69;0;-1.69;Niña;26.56;26.8
1999 - 2;1999;2;-1.31;0;-1.31;Niña;26.75;26.8
1999 - 3;1999;3;-0.9;0;-0.9;Niña;27.24;26.8
1999 - 4;1999;4;-1;0;-1;Niña;27.72;26.8
1999 - 5;1999;5;-1.02;0;-1.02;Niña;27.81;26.8
1999 - 6;1999;6;-1.05;0;-1.05;Niña;27.59;26.8
1999 - 7;1999;7;-1.05;0;-1.05;Niña;27.18;26.8
1999 - 8;1999;8;-1.19;0;-1.19;Niña;26.83;26.8
1999 - 9;1999;9;-1.09;0;-1.09;Niña;26.73;26.8
1999 - 10;1999;10;-1.19;0;-1.19;Niña;26.67;26.8
1999 - 11;1999;11;-1.5;0;-1.5;Niña;26.63;26.8
1999 - 12;1999;12;-1.7;0;-1.7;Niña;26.56;26.8
2000 - 1;2000;1;-1.77;0;-1.77;Niña;26.56;26.8
2000 - 2;2000;2;-1.53;0;-1.53;Niña;26.75;26.8
2000 - 3;2000;3;-0.93;0;-0.93;Niña;27.24;26.8
2000 - 4;2000;4;-0.75;0;-0.75;Niña;27.72;26.8
2000 - 5;2000;5;-0.74;0;-0.74;Niña;27.81;26.8
2000 - 6;2000;6;-0.64;0;-0.64;Niña;27.59;26.8
2000 - 7;2000;7;-0.55;0;-0.55;Niña;27.18;26.81
2000 - 8;2000;8;-0.47;0;0;Neutral;26.83;26.81
2000 - 9;2000;9;-0.52;0;-0.52;Niña;26.73;26.81
2000 - 10;2000;10;-0.65;0;-0.65;Niña;26.67;26.81
2000 - 11;2000;11;-0.71;0;-0.71;Niña;26.63;26.8
2000 - 12;2000;12;-0.88;0;-0.88;Niña;26.56;26.8
2001 - 1;2001;1;-0.63;0;-0.63;Niña;26.45;26.8
2001 - 2;2001;2;-0.53;0;-0.53;Niña;26.66;26.8
2001 - 3;2001;3;-0.39;0;0;Neutral;27.21;26.8
2001 - 4;2001;4;-0.39;0;0;Neutral;27.73;26.81
2001 - 5;2001;5;-0.24;0;0;Neutral;27.85;26.81
2001 - 6;2001;6;-0.11;0;0;Neutral;27.65;26.81
2001 - 7;2001;7;-0.01;0;0;Neutral;27.26;26.81
2001 - 8;2001;8;-0.1;0;0;Neutral;26.91;26.81
2001 - 9;2001;9;-0.28;0;0;Neutral;26.8;26.81
2001 - 10;2001;10;-0.18;0;0;Neutral;26.75;26.81
2001 - 11;2001;11;-0.41;0;0;Neutral;26.75;26.81
2001 - 12;2001;12;-0.46;0;0;Neutral;26.65;26.81
2002 - 1;2002;1;-0.05;0;0;Neutral;26.45;26.81
2002 - 2;2002;2;0.06;0;0;Neutral;26.66;26.81
2002 - 3;2002;3;0.09;0;0;Neutral;27.21;26.81
2002 - 4;2002;4;0.12;0;0;Neutral;27.73;26.81
2002 - 5;2002;5;0.4;0;0;Neutral;27.85;26.81
2002 - 6;2002;6;0.79;0.79;0;Niño;27.65;26.81
2002 - 7;2002;7;0.77;0.77;0;Niño;27.26;26.81
2002 - 8;2002;8;0.81;0.81;0;Niño;26.91;26.81
2002 - 9;2002;9;1.01;1.01;0;Niño;26.8;26.81
2002 - 10;2002;10;1.2;1.2;0;Niño;26.75;26.81
2002 - 11;2002;11;1.41;1.41;0;Niño;26.75;26.81
2002 - 12;2002;12;1.31;1.31;0;Niño;26.65;26.81
2003 - 1;2003;1;0.7;0.7;0;Niño;26.45;26.81
2003 - 2;2003;2;0.74;0.74;0;Niño;26.66;26.81
2003 - 3;2003;3;0.45;0;0;Neutral;27.21;26.81
2003 - 4;2003;4;-0.05;0;0;Neutral;27.73;26.82
2003 - 5;2003;5;-0.52;0;-0.52;Niña;27.85;26.82
2003 - 6;2003;6;-0.21;0;0;Neutral;27.65;26.82
2003 - 7;2003;7;0.24;0;0;Neutral;27.26;26.82
2003 - 8;2003;8;0.2;0;0;Neutral;26.91;26.82
2003 - 9;2003;9;0.19;0;0;Neutral;26.8;26.82
2003 - 10;2003;10;0.38;0;0;Neutral;26.75;26.82
2003 - 11;2003;11;0.29;0;0;Neutral;26.75;26.82
2003 - 12;2003;12;0.38;0;0;Neutral;26.65;26.82
2004 - 1;2004;1;0.38;0;0;Neutral;26.45;26.82
2004 - 2;2004;2;0.34;0;0;Neutral;26.66;26.82
2004 - 3;2004;3;0.21;0;0;Neutral;27.21;26.82
2004 - 4;2004;4;0.16;0;0;Neutral;27.73;26.82
2004 - 5;2004;5;0.14;0;0;Neutral;27.85;26.82
2004 - 6;2004;6;0.2;0;0;Neutral;27.65;26.82
2004 - 7;2004;7;0.51;0.51;0;Niño;27.26;26.82
2004 - 8;2004;8;0.7;0.7;0;Niño;26.91;26.82
2004 - 9;2004;9;0.72;0.72;0;Niño;26.8;26.82
2004 - 10;2004;10;0.68;0.68;0;Niño;26.75;26.82
2004 - 11;2004;11;0.61;0.61;0;Niño;26.75;26.82
2004 - 12;2004;12;0.69;0.69;0;Niño;26.65;26.82
2005 - 1;2005;1;0.76;0.76;0;Niño;26.45;26.82
2005 - 2;2005;2;0.46;0;0;Neutral;26.66;26.82
2005 - 3;2005;3;0.53;0.53;0;Niño;27.21;26.82
2005 - 4;2005;4;0.35;0;0;Neutral;27.73;26.82
2005 - 5;2005;5;0.39;0;0;Neutral;27.85;26.83
2005 - 6;2005;6;0.12;0;0;Neutral;27.65;26.83
2005 - 7;2005;7;-0.19;0;0;Neutral;27.26;26.83
2005 - 8;2005;8;-0.1;0;0;Neutral;26.91;26.83
2005 - 9;2005;9;-0.11;0;0;Neutral;26.8;26.83
2005 - 10;2005;10;-0.1;0;0;Neutral;26.75;26.83
2005 - 11;2005;11;-0.64;0;-0.64;Niña;26.75;26.83
2005 - 12;2005;12;-0.97;0;-0.97;Niña;26.65;26.83
2006 - 1;2006;1;-0.91;0;-0.91;Niña;26.55;26.83
2006 - 2;2006;2;-0.67;0;-0.67;Niña;26.76;26.83
2006 - 3;2006;3;-0.71;0;-0.71;Niña;27.29;26.83
2006 - 4;2006;4;-0.32;0;0;Neutral;27.83;26.83
2006 - 5;2006;5;-0.09;0;0;Neutral;27.94;26.83
2006 - 6;2006;6;0;0;0;Neutral;27.73;26.83
2006 - 7;2006;7;0.01;0;0;Neutral;27.29;26.83
2006 - 8;2006;8;0.31;0;0;Neutral;26.86;26.83
2006 - 9;2006;9;0.6;0.6;0;Niño;26.72;26.83
2006 - 10;2006;10;0.7;0.7;0;Niño;26.72;26.83
2006 - 11;2006;11;0.99;0.99;0;Niño;26.7;26.83
2006 - 12;2006;12;1.14;1.14;0;Niño;26.6;26.83
2007 - 1;2007;1;0.7;0.7;0;Niño;26.55;26.83
2007 - 2;2007;2;0.13;0;0;Neutral;26.76;26.83
2007 - 3;2007;3;-0.18;0;0;Neutral;27.29;26.83
2007 - 4;2007;4;-0.31;0;0;Neutral;27.83;26.83
2007 - 5;2007;5;-0.47;0;0;Neutral;27.94;26.83
2007 - 6;2007;6;-0.36;0;0;Neutral;27.73;26.84
2007 - 7;2007;7;-0.59;0;-0.59;Niña;27.29;26.84
2007 - 8;2007;8;-0.72;0;-0.72;Niña;26.86;26.84
2007 - 9;2007;9;-1.11;0;-1.11;Niña;26.72;26.84
2007 - 10;2007;10;-1.39;0;-1.39;Niña;26.72;26.84
2007 - 11;2007;11;-1.53;0;-1.53;Niña;26.7;26.84
2007 - 12;2007;12;-1.58;0;-1.58;Niña;26.6;26.84
2008 - 1;2008;1;-1.68;0;-1.68;Niña;26.55;26.84
2008 - 2;2008;2;-1.66;0;-1.66;Niña;26.76;26.84
2008 - 3;2008;3;-1.21;0;-1.21;Niña;27.29;26.84
2008 - 4;2008;4;-0.99;0;-0.99;Niña;27.83;26.84
2008 - 5;2008;5;-0.84;0;-0.84;Niña;27.94;26.84
2008 - 6;2008;6;-0.68;0;-0.68;Niña;27.73;26.84
2008 - 7;2008;7;-0.3;0;0;Neutral;27.29;26.84
2008 - 8;2008;8;-0.13;0;0;Neutral;26.86;26.84
2008 - 9;2008;9;-0.25;0;0;Neutral;26.72;26.84
2008 - 10;2008;10;-0.35;0;0;Neutral;26.72;26.84
2008 - 11;2008;11;-0.46;0;0;Neutral;26.7;26.84
2008 - 12;2008;12;-0.86;0;-0.86;Niña;26.6;26.84
2009 - 1;2009;1;-0.89;0;-0.89;Niña;26.55;26.84
2009 - 2;2009;2;-0.79;0;-0.79;Niña;26.76;26.84
2009 - 3;2009;3;-0.7;0;-0.7;Niña;27.29;26.84
2009 - 4;2009;4;-0.35;0;0;Neutral;27.83;26.84
2009 - 5;2009;5;0.06;0;0;Neutral;27.94;26.84
2009 - 6;2009;6;0.31;0;0;Neutral;27.73;26.84
2009 - 7;2009;7;0.48;0;0;Neutral;27.29;26.84
2009 - 8;2009;8;0.56;0.56;0;Niño;26.86;26.84
2009 - 9;2009;9;0.68;0.68;0;Niño;26.72;26.84
2009 - 10;2009;10;0.89;0.89;0;Niño;26.72;26.84
2009 - 11;2009;11;1.45;1.45;0;Niño;26.7;26.84
2009 - 12;2009;12;1.73;1.73;0;Niño;26.6;26.84
2010 - 1;2010;1;1.51;1.51;0;Niño;26.55;26.84
2010 - 2;2010;2;1.25;1.25;0;Niño;26.76;26.84
2010 - 3;2010;3;0.9;0.9;0;Niño;27.29;26.84
2010 - 4;2010;4;0.38;0;0;Neutral;27.83;26.85
2010 - 5;2010;5;-0.22;0;0;Neutral;27.94;26.85
2010 - 6;2010;6;-0.69;0;-0.69;Niña;27.73;26.85
2010 - 7;2010;7;-1.07;0;-1.07;Niña;27.29;26.85
2010 - 8;2010;8;-1.38;0;-1.38;Niña;26.86;26.85
2010 - 9;2010;9;-1.59;0;-1.59;Niña;26.72;26.85
2010 - 10;2010;10;-1.69;0;-1.69;Niña;26.72;26.85
2010 - 11;2010;11;-1.64;0;-1.64;Niña;26.7;26.85
2010 - 12;2010;12;-1.6;0;-1.6;Niña;26.6;26.85
2011 - 1;2011;1;-1.54;0;-1.54;Niña;26.55;26.85
2011 - 2;2011;2;-1.11;0;-1.11;Niña;26.76;26.85
2011 - 3;2011;3;-0.92;0;-0.92;Niña;27.29;26.85
2011 - 4;2011;4;-0.76;0;-0.76;Niña;27.83;26.85
2011 - 5;2011;5;-0.52;0;-0.52;Niña;27.94;26.85
2011 - 6;2011;6;-0.38;0;0;Neutral;27.73;26.85
2011 - 7;2011;7;-0.42;0;0;Neutral;27.29;26.85
2011 - 8;2011;8;-0.64;0;-0.64;Niña;26.86;26.85
2011 - 9;2011;9;-0.8;0;-0.8;Niña;26.72;26.85
2011 - 10;2011;10;-1.05;0;-1.05;Niña;26.72;26.85
2011 - 11;2011;11;-1.18;0;-1.18;Niña;26.7;26.85
2011 - 12;2011;12;-1.05;0;-1.05;Niña;26.6;26.85
2012 - 1;2012;1;-0.87;0;-0.87;Niña;26.55;26.85
2012 - 2;2012;2;-0.67;0;-0.67;Niña;26.76;26.85
2012 - 3;2012;3;-0.61;0;-0.61;Niña;27.29;26.85
2012 - 4;2012;4;-0.49;0;0;Neutral;27.83;26.85
2012 - 5;2012;5;-0.32;0;0;Neutral;27.94;26.85
2012 - 6;2012;6;0.02;0;0;Neutral;27.73;26.86
2012 - 7;2012;7;0.25;0;0;Neutral;27.29;26.86
2012 - 8;2012;8;0.47;0;0;Neutral;26.86;26.86
2012 - 9;2012;9;0.38;0;0;Neutral;26.72;26.86
2012 - 10;2012;10;0.26;0;0;Neutral;26.72;26.86
2012 - 11;2012;11;0.15;0;0;Neutral;26.7;26.86
2012 - 12;2012;12;-0.25;0;0;Neutral;26.6;26.86
2013 - 1;2013;1;-0.53;0;-0.53;Niña;26.55;26.85
2013 - 2;2013;2;-0.51;0;-0.51;Niña;26.76;26.85
2013 - 3;2013;3;-0.25;0;0;Neutral;27.29;26.86
2013 - 4;2013;4;-0.25;0;0;Neutral;27.83;26.86
2013 - 5;2013;5;-0.4;0;0;Neutral;27.94;26.86
2013 - 6;2013;6;-0.43;0;0;Neutral;27.73;26.86
2013 - 7;2013;7;-0.39;0;0;Neutral;27.29;26.86
2013 - 8;2013;8;-0.38;0;0;Neutral;26.86;26.86
2013 - 9;2013;9;-0.18;0;0;Neutral;26.72;26.86
2013 - 10;2013;10;-0.2;0;0;Neutral;26.72;26.86
2013 - 11;2013;11;-0.14;0;0;Neutral;26.7;26.86
2013 - 12;2013;12;-0.17;0;0;Neutral;26.6;26.86
2014 - 1;2014;1;-0.49;0;0;Neutral;26.55;26.86
2014 - 2;2014;2;-0.61;0;-0.61;Niña;26.76;26.86
2014 - 3;2014;3;-0.28;0;0;Neutral;27.29;26.86
2014 - 4;2014;4;0.09;0;0;Neutral;27.83;26.86
2014 - 5;2014;5;0.32;0;0;Neutral;27.94;26.86
2014 - 6;2014;6;0.23;0;0;Neutral;27.73;26.86
2014 - 7;2014;7;-0.06;0;0;Neutral;27.29;26.86
2014 - 8;2014;8;-0.03;0;0;Neutral;26.86;26.86
2014 - 9;2014;9;0.29;0;0;Neutral;26.72;26.86
2014 - 10;2014;10;0.44;0;0;Neutral;26.72;26.86
2014 - 11;2014;11;0.75;0.75;0;Niño;26.7;26.86
2014 - 12;2014;12;0.72;0.72;0;Niño;26.6;26.86
2015 - 1;2015;1;0.51;0.51;0;Niño;26.55;26.86
2015 - 2;2015;2;0.42;0;0;Neutral;26.76;26.86
2015 - 3;2015;3;0.47;0;0;Neutral;27.29;26.86
2015 - 4;2015;4;0.7;0.7;0;Niño;27.83;26.86
2015 - 5;2015;5;0.92;0.92;0;Niño;27.94;26.86
2015 - 6;2015;6;1.17;1.17;0;Niño;27.73;26.87
2015 - 7;2015;7;1.45;1.45;0;Niño;27.29;26.87
2015 - 8;2015;8;1.93;1.93;0;Niño;26.86;26.87
2015 - 9;2015;9;2.2;2.2;0;Niño;26.72;26.87
2015 - 10;2015;10;2.36;2.36;0;Niño;26.72;26.87
2015 - 11;2015;11;2.71;2.71;0;Niño;26.7;26.87
2015 - 12;2015;12;2.65;2.65;0;Niño;26.6;26.87
2016 - 1;2016;1;2.56;2.56;0;Niño;26.55;26.87
2016 - 2;2016;2;2.24;2.24;0;Niño;26.76;26.87
2016 - 3;2016;3;1.61;1.61;0;Niño;27.29;26.87
2016 - 4;2016;4;0.9;0.9;0;Niño;27.83;26.87
2016 - 5;2016;5;0.3;0;0;Neutral;27.94;26.87
2016 - 6;2016;6;-0.03;0;0;Neutral;27.73;26.87
2016 - 7;2016;7;-0.47;0;0;Neutral;27.29;26.87
2016 - 8;2016;8;-0.57;0;-0.57;Niña;26.86;26.87
2016 - 9;2016;9;-0.57;0;-0.57;Niña;26.72;26.87
2016 - 10;2016;10;-0.74;0;-0.74;Niña;26.72;26.87
2016 - 11;2016;11;-0.76;0;-0.76;Niña;26.7;26.87
2016 - 12;2016;12;-0.5;0;-0.5;Niña;26.6;26.87
2017 - 1;2017;1;-0.43;0;0;Neutral;26.55;26.87
2017 - 2;2017;2;-0.08;0;0;Neutral;26.76;26.87
2017 - 3;2017;3;0.03;0;0;Neutral;27.29;26.87
2017 - 4;2017;4;0.21;0;0;Neutral;27.83;26.87
2017 - 5;2017;5;0.36;0;0;Neutral;27.94;26.87
2017 - 6;2017;6;0.33;0;0;Neutral;27.73;26.87
2017 - 7;2017;7;0.25;0;0;Neutral;27.29;26.87
2017 - 8;2017;8;-0.16;0;0;Neutral;26.86;26.87
2017 - 9;2017;9;-0.43;0;0;Neutral;26.72;26.87
2017 - 10;2017;10;-0.56;0;-0.56;Niña;26.72;26.87
2017 - 11;2017;11;-0.96;0;-0.96;Niña;26.7;26.87
2017 - 12;2017;12;-0.99;0;-0.99;Niña;26.6;26.87
2018 - 1;2018;1;-0.98;0;-0.98;Niña;26.55;26.87
2018 - 2;2018;2;-0.78;0;-0.78;Niña;26.76;26.87
2018 - 3;2018;3;-0.8;0;-0.8;Niña;27.29;26.87
2018 - 4;2018;4;-0.51;0;-0.51;Niña;27.83;26.87
2018 - 5;2018;5;-0.2;0;0;Neutral;27.94;26.87
2018 - 6;2018;6;0.05;0;0;Neutral;27.73;26.88
2018 - 7;2018;7;0.12;0;0;Neutral;27.29;26.88
2018 - 8;2018;8;0.09;0;0;Neutral;26.86;26.88
2018 - 9;2018;9;0.47;0;0;Neutral;26.72;26.88
2018 - 10;2018;10;0.9;0.9;0;Niño;26.72;26.88
2018 - 11;2018;11;0.9;0.9;0;Niño;26.7;26.88
2018 - 12;2018;12;0.89;0.89;0;Niño;26.6;26.88
2019 - 1;2019;1;0.65;0.65;0;Niño;26.55;26.87
2019 - 2;2019;2;0.71;0.71;0;Niño;26.76;26.87
2019 - 3;2019;3;0.8;0.8;0;Niño;27.29;26.88
2019 - 4;2019;4;0.62;0.62;0;Niño;27.83;26.88
2019 - 5;2019;5;0.55;0.55;0;Niño;27.94;26.88
2019 - 6;2019;6;0.45;0;0;Neutral;27.73;26.88
2019 - 7;2019;7;0.35;0;0;Neutral;27.29;26.88
2019 - 8;2019;8;0.04;0;0;Neutral;26.86;26.88
2019 - 9;2019;9;0.04;0;0;Neutral;26.72;26.88
2019 - 10;2019;10;0.48;0;0;Neutral;26.72;26.88
2019 - 11;2019;11;0.52;0.52;0;Niño;26.7;26.88
2019 - 12;2019;12;0.52;0.52;0;Niño;26.6;26.88
2020 - 1;2020;1;0.6;0.6;0;Niño;26.55;26.88
2020 - 2;2020;2;0.37;0;0;Neutral;26.76;26.88
2020 - 3;2020;3;0.48;0;0;Neutral;27.29;26.88
2020 - 4;2020;4;0.36;0;0;Neutral;27.83;26.88
2020 - 5;2020;5;-0.27;0;0;Neutral;27.94;26.88
2020 - 6;2020;6;-0.34;0;0;Neutral;27.73;26.88
2020 - 7;2020;7;-0.3;0;0;Neutral;27.29;26.88
2020 - 8;2020;8;-0.59;0;-0.59;Niña;26.86;26.88
2020 - 9;2020;9;-0.83;0;-0.83;Niña;26.72;26.88
2020 - 10;2020;10;-1.25;0;-1.25;Niña;26.72;26.88
2020 - 11;2020;11;-1.42;0;-1.42;Niña;26.7;26.88
2020 - 12;2020;12;-1.15;0;-1.15;Niña;26.6;26.88
2021 - 1;2021;1;-0.99;0;-0.99;Niña;26.55;26.88
2021 - 2;2021;2;-1;0;-1;Niña;26.76;26.88
2021 - 3;2021;3;-0.8;0;-0.8;Niña;27.29;26.88
2021 - 4;2021;4;-0.72;0;-0.72;Niña;27.83;26.88
2021 - 5;2021;5;-0.46;0;0;Neutral;27.94;26.88
2021 - 6;2021;6;-0.28;0;0;Neutral;27.73;26.88
2021 - 7;2021;7;-0.39;0;0;Neutral;27.29;26.88
2021 - 8;2021;8;-0.53;0;-0.53;Niña;26.86;26.88
2021 - 9;2021;9;-0.55;0;-0.55;Niña;26.72;26.88
2021 - 10;2021;10;-0.94;0;-0.94;Niña;26.72;26.88
2021 - 11;2021;11;-0.94;0;-0.94;Niña;26.7;26.88
2021 - 12;2021;12;-1.06;0;-1.06;Niña;26.6;26.88
2022 - 1;2022;1;-0.95;0;-0.95;Niña;26.55;26.88
2022 - 2;2022;2;-0.89;0;-0.89;Niña;26.76;26.88
2022 - 3;2022;3;-0.97;0;-0.97;Niña;27.29;26.88
2022 - 4;2022;4;-1.11;0;-1.11;Niña;27.83;26.88
2022 - 5;2022;5;-1.11;0;-1.11;Niña;27.94;26.89
2022 - 6;2022;6;-0.75;0;-0.75;Niña;27.73;26.89
2022 - 7;2022;7;-0.7;0;-0.7;Niña;27.29;26.89
2022 - 8;2022;8;-0.97;0;-0.97;Niña;26.86;26.89
2022 - 9;2022;9;-1.07;0;-1.07;Niña;26.72;26.89
2022 - 10;2022;10;-0.99;0;-0.99;Niña;26.72;26.89
2022 - 11;2022;11;-0.9;0;-0.9;Niña;26.7;26.89
2022 - 12;2022;12;-0.85;0;-0.85;Niña;26.6;26.89
2023 - 1;2023;1;-0.71;0;-0.71;Niña;26.55;26.89
2023 - 2;2023;2;-0.46;0;0;Neutral;26.76;26.89
2023 - 3;2023;3;-0.11;0;0;Neutral;27.29;26.89
2023 - 4;2023;4;0.09;0;0;Neutral;27.83;26.89
